{
	"info": {
		"_postman_id": "22cb20d6-56a6-4b85-bf7b-187043db27de",
		"name": "GestionEscolar",
		"schema": "https://schema.getpostman.com/json/collection/v2.1.0/collection.json",
		"_exporter_id": "37856660"
	},
	"item": [
		{
			"name": "Estudiantes",
			"item": [
				{
					"name": "Registrar",
					"request": {
						"method": "POST",
						"header": [],
						"body": {
							"mode": "raw",
							"raw": "{\r\n    \"id\": \"ES03\",\r\n    \"nombre\": \"Nicolle Lopez\",\r\n    \"correo\": \"nicollelopez@escolar.com\",\r\n    \"fecha_nacimiento\": \"2009-10-15\"\r\n}\r\n",
							"options": {
								"raw": {
									"language": "json"
								}
							}
						},
						"url": {
							"raw": "http://localhost:3000/api/estudiantes/registrar",
							"protocol": "http",
							"host": [
								"localhost"
							],
							"port": "3000",
							"path": [
								"api",
								"estudiantes",
								"registrar"
							]
						}
					},
					"response": []
				},
				{
					"name": "Listar",
					"request": {
						"method": "GET",
						"header": [],
						"url": {
							"raw": "http://localhost:3000/api/estudiantes/listar",
							"protocol": "http",
							"host": [
								"localhost"
							],
							"port": "3000",
							"path": [
								"api",
								"estudiantes",
								"listar"
							]
						}
					},
					"response": []
				},
				{
					"name": "Actualizar",
					"request": {
						"method": "PUT",
						"header": [],
						"body": {
							"mode": "raw",
							"raw": "{\r\n    \"nombre\": \"Sofía Ocampo\",\r\n    \"correo\": \"sofiaocampo@escolar.com\",\r\n    \"fecha_nacimiento\": \"2010-01-01\"\r\n}",
							"options": {
								"raw": {
									"language": "json"
								}
							}
						},
						"url": {
							"raw": "http://localhost:3000/api/estudiantes/actualizar/ES01",
							"protocol": "http",
							"host": [
								"localhost"
							],
							"port": "3000",
							"path": [
								"api",
								"estudiantes",
								"actualizar",
								"ES01"
							]
						}
					},
					"response": []
				},
				{
					"name": "Borrar",
					"request": {
						"method": "DELETE",
						"header": [],
						"url": {
							"raw": "http://localhost:3000/api/estudiantes/eliminar/ES03",
							"protocol": "http",
							"host": [
								"localhost"
							],
							"port": "3000",
							"path": [
								"api",
								"estudiantes",
								"eliminar",
								"ES03"
							]
						}
					},
					"response": []
				},
				{
					"name": "InscribirMateria",
					"request": {
						"method": "POST",
						"header": [],
						"body": {
							"mode": "raw",
							"raw": "{\r\n    \"estudiante_id\": \"ES03\",\r\n    \"materia_id\": \"1\"\r\n}",
							"options": {
								"raw": {
									"language": "json"
								}
							}
						},
						"url": {
							"raw": "http://localhost:3000/api/estudiantes/inscribir-estudiante",
							"protocol": "http",
							"host": [
								"localhost"
							],
							"port": "3000",
							"path": [
								"api",
								"estudiantes",
								"inscribir-estudiante"
							]
						}
					},
					"response": []
				}
			]
		},
		{
			"name": "Profesores",
			"item": [
				{
					"name": "Registrar",
					"request": {
						"method": "POST",
						"header": [],
						"body": {
							"mode": "raw",
							"raw": "{\r\n  \"id\": \"PR02\",\r\n  \"nombre\": \"Julián Montoya\",\r\n  \"correo\": \"julianmontoya@profesores.com\",\r\n  \"titulo\": \"Licenciado en Biología\"\r\n}\r\n",
							"options": {
								"raw": {
									"language": "json"
								}
							}
						},
						"url": {
							"raw": "http://localhost:3000/api/profesores/registrar",
							"protocol": "http",
							"host": [
								"localhost"
							],
							"port": "3000",
							"path": [
								"api",
								"profesores",
								"registrar"
							]
						}
					},
					"response": []
				},
				{
					"name": "Listar",
					"request": {
						"method": "GET",
						"header": [],
						"url": {
							"raw": "http://localhost:3000/api/profesores/listar",
							"protocol": "http",
							"host": [
								"localhost"
							],
							"port": "3000",
							"path": [
								"api",
								"profesores",
								"listar"
							]
						}
					},
					"response": []
				},
				{
					"name": "Actualizar",
					"request": {
						"method": "PUT",
						"header": [],
						"body": {
							"mode": "raw",
							"raw": "{\r\n  \"nombre\": \"Mónica Cardona\",\r\n  \"correo\": \"monicacardona@profesores.com\",\r\n  \"titulo\": \"Doctora en Matemáticas\"\r\n}",
							"options": {
								"raw": {
									"language": "json"
								}
							}
						},
						"url": {
							"raw": "http://localhost:3000/api/profesores/actualizar/PR01",
							"protocol": "http",
							"host": [
								"localhost"
							],
							"port": "3000",
							"path": [
								"api",
								"profesores",
								"actualizar",
								"PR01"
							]
						}
					},
					"response": []
				},
				{
					"name": "Borrar",
					"request": {
						"method": "DELETE",
						"header": [],
						"url": {
							"raw": "http://localhost:3000/api/profesores/borrar/PR01",
							"protocol": "http",
							"host": [
								"localhost"
							],
							"port": "3000",
							"path": [
								"api",
								"profesores",
								"borrar",
								"PR01"
							]
						}
					},
					"response": []
				},
				{
					"name": "AsignarMateria",
					"request": {
						"method": "POST",
						"header": [],
						"body": {
							"mode": "raw",
							"raw": "{\r\n    \"profesor_id\": \"PR01\", \r\n    \"materia_id\": 5\r\n}",
							"options": {
								"raw": {
									"language": "json"
								}
							}
						},
						"url": {
							"raw": "http://localhost:3000/api/profesores/asignar-profesor",
							"protocol": "http",
							"host": [
								"localhost"
							],
							"port": "3000",
							"path": [
								"api",
								"profesores",
								"asignar-profesor"
							]
						}
					},
					"response": []
				},
				{
					"name": "ObtenerMateria",
					"request": {
						"method": "GET",
						"header": [],
						"url": {
							"raw": "http://localhost:3000/api/profesores/materias/PR01",
							"protocol": "http",
							"host": [
								"localhost"
							],
							"port": "3000",
							"path": [
								"api",
								"profesores",
								"materias",
								"PR01"
							]
						}
					},
					"response": []
				}
			]
		},
		{
			"name": "Materias",
			"item": [
				{
					"name": "Registrar",
					"request": {
						"method": "POST",
						"header": [],
						"body": {
							"mode": "raw",
							"raw": "{\r\n    \"nombre\": \"Matemáticas\"\r\n}",
							"options": {
								"raw": {
									"language": "json"
								}
							}
						},
						"url": {
							"raw": "http://localhost:3000/api/materias/registrar",
							"protocol": "http",
							"host": [
								"localhost"
							],
							"port": "3000",
							"path": [
								"api",
								"materias",
								"registrar"
							]
						}
					},
					"response": []
				},
				{
					"name": "Listar",
					"request": {
						"method": "GET",
						"header": [],
						"url": {
							"raw": "http://localhost:3000/api/materias/listar",
							"protocol": "http",
							"host": [
								"localhost"
							],
							"port": "3000",
							"path": [
								"api",
								"materias",
								"listar"
							]
						}
					},
					"response": []
				},
				{
					"name": "Actualizar",
					"request": {
						"method": "PUT",
						"header": [],
						"body": {
							"mode": "raw",
							"raw": "{\r\n    \"nombre\": \"Lengua Castellana\"\r\n}",
							"options": {
								"raw": {
									"language": "json"
								}
							}
						},
						"url": {
							"raw": "http://localhost:3000/api/materias/actualizar/4",
							"protocol": "http",
							"host": [
								"localhost"
							],
							"port": "3000",
							"path": [
								"api",
								"materias",
								"actualizar",
								"4"
							]
						}
					},
					"response": []
				},
				{
					"name": "Borrar",
					"request": {
						"method": "DELETE",
						"header": [],
						"url": {
							"raw": "http://localhost:3000/api/materias/eliminar/3",
							"protocol": "http",
							"host": [
								"localhost"
							],
							"port": "3000",
							"path": [
								"api",
								"materias",
								"eliminar",
								"3"
							]
						}
					},
					"response": []
				}
			]
		},
		{
			"name": "Inscripciones",
			"item": [
				{
					"name": "Listar",
					"request": {
						"method": "GET",
						"header": [],
						"url": {
							"raw": "http://localhost:3000/api/inscripciones/listar",
							"protocol": "http",
							"host": [
								"localhost"
							],
							"port": "3000",
							"path": [
								"api",
								"inscripciones",
								"listar"
							]
						}
					},
					"response": []
				},
				{
					"name": "Borrar",
					"request": {
						"method": "DELETE",
						"header": [],
						"body": {
							"mode": "raw",
							"raw": "{\r\n    \"estudiante_id\": \"ES02\", \r\n    \"materia_id\": \"1\"\r\n}",
							"options": {
								"raw": {
									"language": "json"
								}
							}
						},
						"url": {
							"raw": "http://localhost:3000/api/inscripciones/eliminar",
							"protocol": "http",
							"host": [
								"localhost"
							],
							"port": "3000",
							"path": [
								"api",
								"inscripciones",
								"eliminar"
							]
						}
					},
					"response": []
				},
				{
					"name": "PorMateria",
					"request": {
						"method": "GET",
						"header": [],
						"url": {
							"raw": "http://localhost:3000/api/inscripciones/pormateria/1",
							"protocol": "http",
							"host": [
								"localhost"
							],
							"port": "3000",
							"path": [
								"api",
								"inscripciones",
								"pormateria",
								"1"
							]
						}
					},
					"response": []
				},
				{
					"name": "PorEstudiante",
					"request": {
						"method": "GET",
						"header": [],
						"url": {
							"raw": "http://localhost:3000/api/inscripciones/porestudiante/ES02",
							"protocol": "http",
							"host": [
								"localhost"
							],
							"port": "3000",
							"path": [
								"api",
								"inscripciones",
								"porestudiante",
								"ES02"
							]
						}
					},
					"response": []
				}
			]
		}
	]
}